{
  "name": "developement_indic",
  "color": "#31439C",
  "items": [
    {
      "objectId": "compute_suicidedataextrafestures_by_year",
      "objectType": "RECIPE"
    },
    {
      "objectId": "suicidedataextrafestures_by_year",
      "objectType": "DATASET"
    },
    {
      "objectId": "suicide_by_year_normalized",
      "objectType": "DATASET"
    },
    {
      "objectId": "compute_suicide_by_year_normalized",
      "objectType": "RECIPE"
    },
    {
      "objectId": "suicide_by_year_normalized_prepared",
      "objectType": "DATASET"
    },
    {
      "objectId": "compute_suicide_by_year_normalized_prepared",
      "objectType": "RECIPE"
    },
    {
      "objectId": "country_religion",
      "objectType": "DATASET"
    },
    {
      "objectId": "compute_country_religion_joined",
      "objectType": "RECIPE"
    },
    {
      "objectId": "country_religion_joined",
      "objectType": "DATASET"
    },
    {
      "objectId": "country_religion_normalized",
      "objectType": "DATASET"
    },
    {
      "objectId": "compute_country_religion_normalized",
      "objectType": "RECIPE"
    }
  ],
  "shared": [],
  "tags": [],
  "customFields": {},
  "checklists": {
    "checklists": []
  }
}