{
  "dataSpec": {
    "inputDatasetSmartName": "suicidedataextrafestures_by_country",
    "datasetSelection": {
      "useMemTable": false,
      "filter": {
        "distinct": false,
        "enabled": false
      },
      "partitionSelectionMethod": "ALL",
      "latestPartitionsN": 1,
      "ordering": {
        "enabled": false,
        "rules": []
      },
      "samplingMethod": "HEAD_SEQUENTIAL",
      "maxRecords": 100000,
      "targetRatio": 0.02,
      "withinFirstN": -1,
      "maxReadUncompressedBytes": -1
    },
    "autoRefreshSample": true,
    "refreshTrigger": 0,
    "containerSelection": {
      "containerMode": "INHERIT"
    }
  },
  "rootCard": {
    "type": "worksheet_root",
    "confidenceLevel": 0.95,
    "showConfidenceInterval": false,
    "cards": [
      {
        "type": "correlation_matrix",
        "heatmapParams": {
          "showValues": true,
          "showColors": true,
          "showAbsValues": false,
          "threshold": 0.0,
          "filterVariablesWithoutValues": false
        },
        "metric": "SPEARMAN",
        "columns": [
          {
            "name": "suicides_no_sum",
            "type": "CONTINUOUS"
          },
          {
            "name": "GDPpcapital_sum",
            "type": "CONTINUOUS"
          },
          {
            "name": "Individuals using the Internet (% of population)_sum",
            "type": "CONTINUOUS"
          },
          {
            "name": "Unemployment, total (% of total labor force) (modeled ILO estimate)_sum",
            "type": "CONTINUOUS"
          },
          {
            "name": "suicidesper100k_sum",
            "type": "CONTINUOUS"
          }
        ],
        "id": "uT4FyzE"
      }
    ],
    "id": "MhJqbE0"
  },
  "name": "Worksheet",
  "versionTag": {
    "versionNumber": 1,
    "lastModifiedBy": {
      "login": "admin"
    },
    "lastModifiedOn": 1649824876911
  },
  "creationTag": {
    "versionNumber": 0,
    "lastModifiedBy": {
      "login": "admin"
    },
    "lastModifiedOn": 1649824824127
  },
  "tags": [],
  "customFields": {},
  "checklists": {
    "checklists": []
  }
}